﻿<?xml version="1.0" encoding="utf-8"?><meta xmlns:xsi="http://www.w3.org/2001/XMLSchema-instance" xmlns:xsd="http://www.w3.org/2001/XMLSchema"><project id="68JmIGTfGlN" courseid="5f5UpELWhNm_course_id" thumburl="story_content/thumbnail.jpg" title="HR Absence Policy Quiz Challenge" datepublished="2018-02-05T10:41:08" version="1.0.0.0" flashdata="story_content/data.swf" html5data="mobile/data.json" mobiledata="mobile/data.gz" enabledownload="false" duration="About 2 minutes" totalaudio="0" totalvideo="0"><description>Checks and tests your knowledge of standard absence policy and procedures</description><keywords /><slidemeta moniker="slide" monikerplural="slides" viewslides="13" slidecountdescription="13 slides" /><author name="Ian Crawford" email="" website="" /><application name="Articulate Storyline" version="3.2.13213.0" xmlversion="4.0" /></project></meta>