﻿<?xml version="1.0" encoding="utf-8"?><meta xmlns:xsi="http://www.w3.org/2001/XMLSchema-instance" xmlns:xsd="http://www.w3.org/2001/XMLSchema"><project id="5nUbRZ5nclR" courseid="5vDcgrJrCbd_course_id" thumburl="story_content/thumbnail.jpg" title="Sales Meeting - End Web POL" datepublished="2018-01-17T19:40:10" version="1.0.0.0" flashdata="story_content/data.swf" html5data="mobile/data.json" mobiledata="mobile/data.gz" enabledownload="false" duration="About 2 minutes" totalaudio="0" totalvideo="0"><description>Knowledge quiz and proof of learning for the BDM programme  Sales Meeting - End</description><keywords /><slidemeta moniker="slide" monikerplural="slides" viewslides="28" slidecountdescription="28 slides" /><author name="it support" email="" website="" /><application name="Articulate Storyline" version="3.2.13213.0" xmlversion="4.0" /></project></meta>