<?xml version="1.0" encoding="utf-8"?><bwFrame xmlns:xsi="http://www.w3.org/2001/XMLSchema-instance" xmlns:xsd="http://www.w3.org/2001/XMLSchema" default_layout="pxnsnfns0000000101" textdirection="ltr" device="false" fontscale="100" kbshortcuts="false" skip_nav_enabled="true" outputtype="undefined"><layouts><layout name="npnxsnfns0000000101" font="Open Sans" controllayout="npnxsnfns0000000101" colorscheme="pxnsnfns0000000101" string_table="pxnsnfns0000000101" /><layout name="pxnsnfns0000000101" font="Open Sans" controllayout="pxnsnfns0000000101" colorscheme="pxnsnfns0000000101" string_table="pxnsnfns0000000101" /><layout name="npxnsnfns0000000101" font="Open Sans" controllayout="npxnsnfns0000000101" colorscheme="pxnsnfns0000000101" string_table="pxnsnfns0000000101" /><layout name="npnxnsnfns0000000101" font="Open Sans" controllayout="npnxnsnfns0000000101" colorscheme="pxnsnfns0000000101" string_table="pxnsnfns0000000101" /><layout name="pxnsnfns0000000100" font="Open Sans" controllayout="pxnsnfns0000000100" colorscheme="pxnsnfns0000000101" string_table="pxnsnfns0000000101" /></layouts><control_options><optiongroups><optiongroup name="sidebaroptions"><options><option name="title_enabled" value="true"><options><option name="title_text" value="WEB Establishing The Initial Position POL" /></options></option><option name="logo_enabled" value="false"><options><option name="logo_url" /></options></option><option name="sidebar_enabled" value="false"><options><option name="sidebarpos" value="left" /></options></option><optionlist name="tabs"><listitems><listitem name="resources" value="false" group="linkright" /><listitem name="glossary" value="false" group="sidebar" /><listitem name="transcript" value="false" group="sidebar" /><listitem name="outline" value="false" group="sidebar" /></listitems></optionlist><option name="time_enabled" value="true"><options><option name="time_format" value="elapsed" /></options></option><option name="video_enabled" value="false"><options><option name="height" value="135" /></options></option></options></optiongroup><optiongroup name="menuoptions"><options><option name="flow" value="free" /><option name="wraplistitems" value="false" /><option name="tooltips" value="true" /><option name="autocollapse" value="true" /><option name="autonumber" value="false" /><option name="enableresultsicons" value="true" /></options></optiongroup><optiongroup name="controls"><options><option name="volume" value="true" /><option name="seekbar" value="false"><options><option name="readonly" value="false" /></options></option><option name="search" value="false" /><option name="pauseplay" value="false" /><option name="replay" value="false" /></options></optiongroup><optiongroup name="bottombaroptions"><options><option name="bottombar_enabled" value="true" /></options></optiongroup></optiongroups></control_options><control_layouts><control_layout name="npnxsnfns0000000101"><control name="volume" enabled="true" /><control name="seekbar" enabled="false" /><control name="replay" enabled="false" /><control name="pauseplay" enabled="false" /><control name="logo" enabled="true" /><control name="previous" enabled="false" /><control name="next" enabled="false" /><control name="submit" enabled="true" /><control name="finish" enabled="false" /><control name="submitall" enabled="false" /><control name="resources" enabled="false" /><control name="glossary" enabled="false" /><control name="transcript" enabled="false" /><control name="outline" enabled="false"><controls><control name="search" enabled="false" /></controls></control><control name="close_btn" enabled="true" /></control_layout><control_layout name="pxnsnfns0000000101"><control name="volume" enabled="true" /><control name="seekbar" enabled="false" /><control name="replay" enabled="false" /><control name="pauseplay" enabled="false" /><control name="logo" enabled="true" /><control name="previous" enabled="true" /><control name="next" enabled="true" /><control name="submit" enabled="false" /><control name="finish" enabled="false" /><control name="submitall" enabled="false" /><control name="resources" enabled="false" /><control name="glossary" enabled="false" /><control name="transcript" enabled="false" /><control name="outline" enabled="false"><controls><control name="search" enabled="false" /></controls></control><control name="close_btn" enabled="true" /></control_layout><control_layout name="npxnsnfns0000000101"><control name="volume" enabled="true" /><control name="seekbar" enabled="false" /><control name="replay" enabled="false" /><control name="pauseplay" enabled="false" /><control name="logo" enabled="true" /><control name="previous" enabled="false" /><control name="next" enabled="true" /><control name="submit" enabled="false" /><control name="finish" enabled="false" /><control name="submitall" enabled="false" /><control name="resources" enabled="false" /><control name="glossary" enabled="false" /><control name="transcript" enabled="false" /><control name="outline" enabled="false"><controls><control name="search" enabled="false" /></controls></control><control name="close_btn" enabled="true" /></control_layout><control_layout name="npnxnsnfns0000000101"><control name="volume" enabled="true" /><control name="seekbar" enabled="false" /><control name="replay" enabled="false" /><control name="pauseplay" enabled="false" /><control name="logo" enabled="true" /><control name="previous" enabled="false" /><control name="next" enabled="false" /><control name="submit" enabled="false" /><control name="finish" enabled="false" /><control name="submitall" enabled="false" /><control name="resources" enabled="false" /><control name="glossary" enabled="false" /><control name="transcript" enabled="false" /><control name="outline" enabled="false"><controls><control name="search" enabled="false" /></controls></control><control name="close_btn" enabled="true" /></control_layout><control_layout name="pxnsnfns0000000100"><control name="volume" enabled="true" /><control name="seekbar" enabled="false" /><control name="replay" enabled="false" /><control name="pauseplay" enabled="false" /><control name="logo" enabled="true" /><control name="previous" enabled="true" /><control name="next" enabled="true" /><control name="submit" enabled="false" /><control name="finish" enabled="false" /><control name="submitall" enabled="false" /><control name="resources" enabled="false" /><control name="glossary" enabled="false" /><control name="transcript" enabled="false" /><control name="outline" enabled="false"><controls><control name="search" enabled="false" /></controls></control><control name="close_btn" enabled="false" /></control_layout></control_layouts><colorschemes><colorscheme name="pxnsnfns0000000101"><color_group name="infopanel"><group_colors><color name="link_text"><fill type="linear" rotation="90"><colors><color rgb="0x7C2280" alpha="100" stop="0" /></colors></fill></color><color name="link_hover"><fill type="linear" rotation="90"><colors><color rgb="0x0000EE" alpha="100" stop="0" /></colors></fill></color><color name="bg"><fill type="linear" rotation="90"><colors><color rgb="0xFFFFFF" alpha="100" stop="0" /></colors></fill></color><color name="shadow"><fill type="linear" rotation="90"><colors><color rgb="0xB8B8B8" alpha="100" stop="0" /></colors></fill></color><color name="name_text"><fill type="linear" rotation="90"><colors><color rgb="0x444444" alpha="100" stop="0" /></colors></fill></color><color name="title_text"><fill type="linear" rotation="90"><colors><color rgb="0x999999" alpha="100" stop="0" /></colors></fill></color></group_colors></color_group><color_group name="infopanelpopup"><group_colors><color name="link_text"><fill type="linear" rotation="90"><colors><color rgb="0x7C2280" alpha="100" stop="0" /></colors></fill></color><color name="link_hover"><fill type="linear" rotation="90"><colors><color rgb="0x0000EE" alpha="100" stop="0" /></colors></fill></color><color name="bg"><fill type="linear" rotation="90"><colors><color rgb="0xE9E9E9" alpha="100" stop="0" /><color rgb="0xCFCFCF" alpha="100" stop="255" /></colors></fill></color><color name="shadow"><fill type="linear" rotation="90"><colors><color rgb="0xB8B8B8" alpha="100" stop="0" /></colors></fill></color><color name="name_text"><fill type="linear" rotation="90"><colors><color rgb="0x444444" alpha="100" stop="0" /></colors></fill></color><color name="bio_text"><fill type="linear" rotation="90"><colors><color rgb="0x999999" alpha="100" stop="0" /></colors></fill></color></group_colors></color_group><color_group name="timer"><group_colors><color name="duration"><fill type="linear" rotation="90"><colors><color rgb="0x00D7FF" alpha="100" stop="0" /><color rgb="0x00ABFF" alpha="100" stop="255" /></colors></fill></color><color name="elapsed"><fill type="linear" rotation="90"><colors><color rgb="0xFEE347" alpha="100" stop="0" /><color rgb="0xFCCC2A" alpha="100" stop="255" /></colors></fill></color><color name="stroke"><fill type="linear" rotation="90"><colors><color rgb="0xC7C7C7" alpha="100" stop="0" /></colors></fill></color><color name="inner"><fill type="linear" rotation="90"><colors><color rgb="0xFFFFFF" alpha="100" stop="0" /></colors></fill></color><color name="text"><fill type="linear" rotation="90"><colors><color rgb="0x555555" alpha="100" stop="0" /></colors></fill></color></group_colors></color_group><color_group name="window"><group_colors><color name="text"><fill type="linear" rotation="90"><colors><color rgb="0x555555" alpha="100" stop="0" /></colors></fill></color><color name="inner"><fill type="linear" rotation="90"><colors><color rgb="0xEAEAEA" alpha="100" stop="0" /><color rgb="0xCFCFCF" alpha="100" stop="255" /></colors></fill></color><color name="bg"><fill type="linear" rotation="90"><colors><color rgb="0xF3F3F3" alpha="100" stop="0" /></colors></fill></color><color name="diva"><fill type="linear" rotation="90"><colors><color rgb="0xF7F7F7" alpha="100" stop="0" /></colors></fill></color><color name="divb"><fill type="linear" rotation="90"><colors><color rgb="0xD3D3D3" alpha="100" stop="0" /></colors></fill></color><color name="shadow"><fill type="linear" rotation="90"><colors><color rgb="0x000000" alpha="20" stop="0" /></colors></fill></color></group_colors></color_group><color_group name="editor"><group_colors><color name="slide_text"><fill type="linear" rotation="90"><colors><color rgb="0x555555" alpha="100" stop="0" /></colors></fill></color><color name="html_text"><fill type="linear" rotation="90"><colors><color rgb="0x444444" alpha="100" stop="0" /></colors></fill></color><color name="btn_bg"><fill type="linear" rotation="90"><colors><color rgb="0xF5F5F5" alpha="100" stop="0" /><color rgb="0xC7C7C7" alpha="100" stop="255" /></colors></fill></color><color name="btn_hover"><fill type="linear" rotation="90"><colors><color rgb="0xF2F2F2" alpha="100" stop="0" /><color rgb="0xAFAFAF" alpha="100" stop="255" /></colors></fill></color><color name="btn_down"><fill type="linear" rotation="90"><colors><color rgb="0xC7C7C7" alpha="100" stop="0" /><color rgb="0xF4F4F4" alpha="100" stop="255" /></colors></fill></color><color name="btn_border"><fill type="linear" rotation="90"><colors><color rgb="0xB1B1B1" alpha="100" stop="0" /></colors></fill></color><color name="btn_text"><fill type="linear" rotation="90"><colors><color rgb="0x353535" alpha="100" stop="0" /></colors></fill></color><color name="btn_text_shadow"><fill type="linear" rotation="90"><colors><color rgb="0xF0F0F0" alpha="100" stop="0" /></colors></fill></color></group_colors></color_group><color_group name="listitem"><group_colors><color name="selected_text"><fill type="linear" rotation="90"><colors><color rgb="0x353535" alpha="100" stop="0" /></colors></fill></color><color name="lines"><fill type="linear" rotation="90"><colors><color rgb="0xDFDFDF" alpha="100" stop="0" /></colors></fill></color><color name="hover"><fill type="linear" rotation="90"><colors><color rgb="0xE6E6E6" alpha="100" stop="0" /></colors></fill></color><color name="viewed"><fill type="linear" rotation="90"><colors><color rgb="0x909090" alpha="100" stop="0" /></colors></fill></color><color name="text"><fill type="linear" rotation="90"><colors><color rgb="0x353535" alpha="100" stop="0" /></colors></fill></color><color name="selected"><fill type="linear" rotation="90"><colors><color rgb="0xC0E2F1" alpha="100" stop="0" /></colors></fill></color><color name="shadow"><fill type="linear" rotation="90"><colors><color rgb="0xFFFFFF" alpha="100" stop="0" /></colors></fill></color></group_colors></color_group><color_group name="base"><group_colors><color name="text"><fill type="linear" rotation="90"><colors><color rgb="0x555555" alpha="100" stop="0" /></colors></fill></color><color name="diva"><fill type="linear" rotation="90"><colors><color rgb="0xD3D3D3" alpha="100" stop="0" /></colors></fill></color><color name="divb"><fill type="linear" rotation="90"><colors><color rgb="0xF7F7F7" alpha="100" stop="0" /></colors></fill></color><color name="bg"><fill type="linear" rotation="90"><colors><color rgb="0xE9E9E9" alpha="100" stop="0" /><color rgb="0xCFCFCF" alpha="100" stop="255" /></colors></fill></color><color name="border"><fill type="linear" rotation="90"><colors><color rgb="0xE9E9E9" alpha="100" stop="0" /><color rgb="0xF3F3F3" alpha="100" stop="255" /></colors></fill></color><color name="menu_shade"><fill type="linear" rotation="90"><colors><color rgb="0xDBDBDB" alpha="100" stop="0" /><color rgb="0xC3C3C3" alpha="100" stop="255" /></colors></fill></color><color name="slide_bg"><fill type="linear" rotation="90"><colors><color rgb="0xE9E9E9" alpha="100" stop="0" /><color rgb="0xCFCFCF" alpha="100" stop="255" /></colors></fill></color></group_colors></color_group><color_group name="button"><group_colors><color name="btn_bg"><fill type="linear" rotation="90"><colors><color rgb="0xF5F5F5" alpha="100" stop="0" /><color rgb="0xC7C7C7" alpha="100" stop="255" /></colors></fill></color><color name="btn_hover"><fill type="linear" rotation="90"><colors><color rgb="0xF2F2F2" alpha="100" stop="0" /><color rgb="0xAFAFAF" alpha="100" stop="255" /></colors></fill></color><color name="btn_down"><fill type="linear" rotation="90"><colors><color rgb="0xC7C7C7" alpha="100" stop="0" /><color rgb="0xF4F4F4" alpha="100" stop="255" /></colors></fill></color><color name="btn_border"><fill type="linear" rotation="90"><colors><color rgb="0xB1B1B1" alpha="100" stop="0" /></colors></fill></color><color name="btn_text"><fill type="linear" rotation="90"><colors><color rgb="0x353535" alpha="100" stop="0" /></colors></fill></color><color name="btn_text_shadow"><fill type="linear" rotation="90"><colors><color rgb="0xF0F0F0" alpha="100" stop="0" /></colors></fill></color><color name="btn_icon_color"><fill type="linear" rotation="90"><colors><color rgb="0x353535" alpha="100" stop="0" /></colors></fill></color><color name="btn_glow"><fill type="linear" rotation="90"><colors><color rgb="0xCFCFCF" alpha="100" stop="0" /></colors></fill></color></group_colors></color_group><color_group name="checkbox"><group_colors><color name="border"><fill type="linear" rotation="90"><colors><color rgb="0xB8B8B8" alpha="100" stop="0" /></colors></fill></color><color name="bg"><fill type="linear" rotation="90"><colors><color rgb="0xFFFFFF" alpha="100" stop="0" /></colors></fill></color><color name="check"><fill type="linear" rotation="90"><colors><color rgb="0x33CC00" alpha="100" stop="0" /></colors></fill></color><color name="text"><fill type="linear" rotation="90"><colors><color rgb="0x444444" alpha="100" stop="0" /></colors></fill></color><color name="hover"><fill type="linear" rotation="90"><colors><color rgb="0x6BF8FF" alpha="100" stop="0" /></colors></fill></color></group_colors></color_group><color_group name="logo"><group_colors><color name="bg"><fill type="linear" rotation="90"><colors><color rgb="0xFFFFFF" alpha="100" stop="0" /></colors></fill></color><color name="shadow"><fill type="linear" rotation="90"><colors><color rgb="0xB8B8B8" alpha="100" stop="0" /></colors></fill></color></group_colors></color_group><color_group name="menu"><group_colors><color name="bg"><fill type="linear" rotation="90"><colors><color rgb="0xF3F3F3" alpha="100" stop="0" /></colors></fill></color><color name="shadow"><fill type="linear" rotation="90"><colors><color rgb="0xB8B8B8" alpha="100" stop="0" /></colors></fill></color></group_colors></color_group><color_group name="scrollarea"><group_colors><color name="bg"><fill type="linear" rotation="0"><colors><color rgb="0xDEDEDE" alpha="100" stop="0" /><color rgb="0xE8E8E8" alpha="100" stop="128" /></colors></fill></color><color name="border"><fill type="linear" rotation="90"><colors><color rgb="0xF6F6F6" alpha="100" stop="0" /><color rgb="0xF3F3F3" alpha="100" stop="255" /></colors></fill></color><color name="button_bg"><fill type="linear" rotation="90"><colors><color rgb="0xC4C4C4" alpha="100" stop="0" /><color rgb="0xB2B2B2" alpha="100" stop="255" /></colors></fill></color><color name="button_inner"><fill type="linear" rotation="90"><colors><color rgb="0xCBCBCB" alpha="100" stop="0" /><color rgb="0xBABABA" alpha="100" stop="255" /></colors></fill></color><color name="button_border"><fill type="linear" rotation="90"><colors><color rgb="0xB8B8B8" alpha="100" stop="0" /></colors></fill></color><color name="icons"><fill type="linear" rotation="90"><colors><color rgb="0x555555" alpha="100" stop="0" /></colors></fill></color><color name="shadow"><fill type="linear" rotation="90"><colors><color rgb="0xD9D9D9" alpha="100" stop="0" /></colors></fill></color><color name="detaila"><fill type="linear" rotation="90"><colors><color rgb="0xA7A7A7" alpha="100" stop="0" /></colors></fill></color><color name="detailb"><fill type="linear" rotation="90"><colors><color rgb="0xCFCFCF" alpha="100" stop="0" /></colors></fill></color></group_colors></color_group><color_group name="searchinput"><group_colors><color name="bg"><fill type="linear" rotation="90"><colors><color rgb="0xDFDFDF" alpha="100" stop="0" /></colors></fill></color><color name="border"><fill type="linear" rotation="90"><colors><color rgb="0xADADAD" alpha="100" stop="0" /><color rgb="0xFAFAFA" alpha="100" stop="255" /></colors></fill></color><color name="icon"><fill type="linear" rotation="90"><colors><color rgb="0x8A8A8A" alpha="100" stop="0" /></colors></fill></color><color name="button_hover"><fill type="linear" rotation="90"><colors><color rgb="0xF5F5F5" alpha="100" stop="0" /><color rgb="0xC7C7C7" alpha="100" stop="255" /></colors></fill></color><color name="hover_glow"><fill type="linear" rotation="90"><colors><color rgb="0x6BF8FF" alpha="100" stop="0" /></colors></fill></color><color name="search_text"><fill type="linear" rotation="90"><colors><color rgb="0x8A8A8A" alpha="100" stop="0" /></colors></fill></color><color name="bg_active"><fill type="linear" rotation="90"><colors><color rgb="0xFAFAFA" alpha="100" stop="0" /></colors></fill></color><color name="text_active"><fill type="linear" rotation="90"><colors><color rgb="0x333333" alpha="100" stop="0" /></colors></fill></color></group_colors></color_group><color_group name="seekcontrol"><group_colors><color name="bg"><fill type="linear" rotation="90"><colors><color rgb="0xF5F5F5" alpha="100" stop="0" /><color rgb="0xC7C7C7" alpha="100" stop="255" /></colors></fill></color><color name="border"><fill type="linear" rotation="90"><colors><color rgb="0xB1B1B1" alpha="100" stop="0" /></colors></fill></color><color name="seek_border"><fill type="linear" rotation="90"><colors><color rgb="0xB8B8B8" alpha="100" stop="0" /><color rgb="0xEEEEEE" alpha="100" stop="255" /></colors></fill></color><color name="seek_bg"><fill type="linear" rotation="90"><colors><color rgb="0xE7E7E7" alpha="100" stop="0" /></colors></fill></color><color name="seek_position"><fill type="linear" rotation="90"><colors><color rgb="0xFFFFFF" alpha="100" stop="0" /></colors></fill></color><color name="btn_icon_color"><fill type="linear" rotation="90"><colors><color rgb="0x2D2D2D" alpha="100" stop="0" /></colors></fill></color><color name="btn_icon_hover"><fill type="linear" rotation="90"><colors><color rgb="0x555555" alpha="100" stop="0" /></colors></fill></color><color name="btn_icon_shadow"><fill type="linear" rotation="90"><colors><color rgb="0xF0F0F0" alpha="100" stop="0" /></colors></fill></color></group_colors></color_group><color_group name="tabs"><group_colors><color name="bg"><fill type="linear" rotation="90"><colors><color rgb="0xF3F3F3" alpha="100" stop="0" /></colors></fill></color><color name="text"><fill type="linear" rotation="90"><colors><color rgb="0x555555" alpha="100" stop="0" /></colors></fill></color><color name="selected"><fill type="linear" rotation="90"><colors><color rgb="0x333333" alpha="100" stop="0" /></colors></fill></color><color name="hover"><fill type="linear" rotation="90"><colors><color rgb="0x333333" alpha="100" stop="0" /></colors></fill></color><color name="shadow"><fill type="linear" rotation="90"><colors><color rgb="0xF0F0F0" alpha="100" stop="0" /></colors></fill></color></group_colors></color_group><color_group name="transcript"><group_colors><color name="div"><fill type="linear" rotation="90"><colors><color rgb="0xE1E1E1" alpha="100" stop="0" /></colors></fill></color><color name="heading_text"><fill type="linear" rotation="90"><colors><color rgb="0x444444" alpha="100" stop="0" /></colors></fill></color></group_colors></color_group><color_group name="outline"><group_colors><color name="diva"><fill type="linear" rotation="90"><colors><color rgb="0xC6C6C6" alpha="100" stop="0" /></colors></fill></color><color name="divb"><fill type="linear" rotation="90"><colors><color rgb="0xF9F9F9" alpha="100" stop="0" /></colors></fill></color><color name="divc"><fill type="linear" rotation="90"><colors><color rgb="0xE1E1E1" alpha="100" stop="0" /></colors></fill></color><color name="search_text"><fill type="linear" rotation="90"><colors><color rgb="0x444444" alpha="100" stop="0" /></colors></fill></color><color name="search_hover"><fill type="linear" rotation="90"><colors><color rgb="0x0000EE" alpha="100" stop="0" /></colors></fill></color></group_colors></color_group><color_group name="resource"><group_colors><color name="separator"><fill type="linear" rotation="90"><colors><color rgb="0xE0E0E0" alpha="100" stop="0" /></colors></fill></color></group_colors></color_group><color_group name="glossary"><group_colors><color name="selected_text"><fill type="linear" rotation="90"><colors><color rgb="0x353535" alpha="100" stop="0" /></colors></fill></color><color name="selected"><fill type="linear" rotation="90"><colors><color rgb="0xC0E2F1" alpha="100" stop="0" /></colors></fill></color><color name="text"><fill type="linear" rotation="90"><colors><color rgb="0x353535" alpha="100" stop="0" /></colors></fill></color><color name="hover"><fill type="linear" rotation="90"><colors><color rgb="0xE6E6E6" alpha="100" stop="0" /></colors></fill></color><color name="diva"><fill type="linear" rotation="90"><colors><color rgb="0xE2E2E2" alpha="100" stop="0" /></colors></fill></color><color name="divb"><fill type="linear" rotation="90"><colors><color rgb="0xE2E2E2" alpha="100" stop="0" /></colors></fill></color><color name="divc"><fill type="linear" rotation="90"><colors><color rgb="0xFAFAFA" alpha="100" stop="0" /></colors></fill></color><color name="bg"><fill type="linear" rotation="90"><colors><color rgb="0xE7E7E7" alpha="100" stop="0" /></colors></fill></color><color name="heading_text"><fill type="linear" rotation="90"><colors><color rgb="0x444444" alpha="100" stop="0" /></colors></fill></color></group_colors></color_group><color_group name="volume"><group_colors><color name="thumb_border"><fill type="linear" rotation="90"><colors><color rgb="0xA5A5A5" alpha="100" stop="0" /></colors></fill></color><color name="thumb_inner"><fill type="linear" rotation="90"><colors><color rgb="0xD4D4D4" alpha="100" stop="0" /></colors></fill></color><color name="thumb_bg"><fill type="linear" rotation="90"><colors><color rgb="0xC8C8C8" alpha="100" stop="0" /></colors></fill></color><color name="slider_border"><fill type="linear" rotation="90"><colors><color rgb="0xF2F2F2" alpha="100" stop="0" /></colors></fill></color><color name="slider_bg"><fill type="linear" rotation="90"><colors><color rgb="0xBCBCBC" alpha="100" stop="0" /><color rgb="0xBCBCBC" alpha="100" stop="128" /><color rgb="0xC3C3C3" alpha="100" stop="255" /></colors></fill></color></group_colors></color_group></colorscheme></colorschemes><string_tables><string_table name="pxnsnfns0000000101"><string id="prev">PREV</string><string id="next">NEXT</string><string id="submit">SUBMIT</string><string id="outline">Menu</string><string id="resources">Resources</string><string id="glossary">Glossary</string><string id="transcript">Notes</string><string id="clear">Clear and return to Menu</string><string id="search_results">Search Results</string><string id="filter">Filter</string><string id="slide_text_chk">Slide Text</string><string id="transcript_chk">Notes</string><string id="search_in">Search in:</string><string id="check_include">Check to include</string><string id="search">Search...</string><string id="terms">Terms</string><string id="definition">Definition</string><string id="finish">FINISH</string><string id="acc_finish">finish</string><string id="acc_definition">definition</string><string id="acc_resources">resources</string><string id="acc_search_input">search</string><string id="acc_pause">pause</string><string id="acc_play">play</string><string id="acc_replay">replay</string><string id="acc_submit">submit</string><string id="acc_next">next</string><string id="acc_previous">previous</string><string id="acc_volume">volume</string><string id="acc_skipnavigation">Skip Navigation. Hit enter to return to the slide.</string><string id="submitall">SUBMIT ALL</string><string id="acc_submitall">submit all</string><string id="question_list">Question List</string><string id="more_info">More info</string><string id="send_an_email">Send an email</string><string id="close">Close</string><string id="bio">Bio</string><string id="exit">Exit</string></string_table></string_tables><sounds enabled="false" /><nav_data><outline><links><slidelink slideid="_player.6NlVUJG3TBm" displaytext="Untitled Scene" expand="true" type="slide"><links><slidelink slideid="_player.6NlVUJG3TBm.5zk86exw5Ae" displaytext="Business Developer Training Programme" expand="true" type="slide" /><slidelink slideid="_player.6NlVUJG3TBm.6QY7lA6sBhB" displaytext="Introduction to the POL" expand="true" type="slide" /></links></slidelink><slidelink slideid="_player.6onPUsDfSkm" displaytext="Untitled Scene" expand="true" type="slide"><links><slidelink slideid="_player.6onPUsDfSkm.6ZqvNbCioXh" displaytext="Drag the answers into the correct order.&#xA;&#xA;The process for establishing a positive working framework to achieve excellence and empowerment is:" expand="true" type="slide" /><slidelink slideid="_player.6onPUsDfSkm.5ZC70D6euVs" displaytext="Drag the correct answer from the options below into the blank box.&#xA;&#xA;______________________ articulates the overall purpose or intent of an organisation or team." expand="true" type="slide" /><slidelink slideid="_player.6onPUsDfSkm.5qxYaN9vtYX" displaytext="Select the correct answers from the options below.&#xA;&#xA;Which model includes criteria to ensure that your goal will be accomplished?" expand="true" type="slide" /><slidelink slideid="_player.6onPUsDfSkm.6eAP1ogTSyu" displaytext="Select the correct answer from the options below.&#xA;&#xA;What does SMARTS stand for?" expand="true" type="slide" /><slidelink slideid="_player.6onPUsDfSkm.6FmzFKKLnT6" displaytext="Match the correct description to the heading on the left." expand="true" type="slide" /><slidelink slideid="_player.6onPUsDfSkm.6LTe5KGD0A5" displaytext="Scroll through the options below and select 4 correct answers.&#xA;&#xA;The Partnership Agreement sets out to look at the whole of the organisation; support, sales and management – to establish plans that:" expand="true" type="slide" /><slidelink slideid="_player.6onPUsDfSkm.5rYsTVchoT6" displaytext="Select the correct answer from the options below.&#xA;&#xA;What does KASH stand for?" expand="true" type="slide" /><slidelink slideid="_player.6onPUsDfSkm.618MGo3YTzg" displaytext="Select 3 correct answers from the options below.&#xA;&#xA;What are the key principle questions that form the basis of the Development Contract?" expand="true" type="slide" /><slidelink slideid="_player.6onPUsDfSkm.6bLHgTUeldj" displaytext="Select the correct answer from the options below.&#xA;&#xA;A _______________________________ ensures that the gap between where you are now and where you want to be is bridged over time." expand="true" type="slide" /><slidelink slideid="_player.6onPUsDfSkm.6LquopUMsW3" displaytext="Select the correct answer from the options below.&#xA;&#xA;What do the 4 P’s stand for?" expand="true" type="slide" /><slidelink slideid="_player.6onPUsDfSkm.6Go0YJDKaiL" displaytext="Scroll through the options below and drag the correct answer into the blank box.&#xA;&#xA;The core concepts of the Relationship Marketing approach are:&#xA;1. Existence of interactive networks and relationships&#xA;2. Importance of Promises&#xA;3. ____________________________" expand="true" type="slide" /><slidelink slideid="_player.6onPUsDfSkm.6e7yUaxaf2P" displaytext="Match the strategies to the marketing styles on the left." expand="true" type="slide" /><slidelink slideid="_player.6onPUsDfSkm.6BdGN93SROc" displaytext="Drag the options into the correct ascending order.&#xA;&#xA;Your client base will contain a variety of customers. If the first customer type is Prospects, what are the other types of customers you will have as your business relationship develops?" expand="true" type="slide" /><slidelink slideid="_player.6onPUsDfSkm.66dlYSrlTWG" displaytext="Is the following statement True or False?&#xA;&#xA;‘Increase sales this quarter’ is an example of a SMART goal." expand="true" type="slide" /><slidelink slideid="_player.6onPUsDfSkm.6M8fUeIsnhl" displaytext="Select the correct answer from the options below.&#xA;&#xA;Achievement, Appreciation, Challenge and Health are all examples of what?" expand="true" type="slide" /><slidelink slideid="_player.6onPUsDfSkm.6bf2xJk4NJp" displaytext="Select 2 correct answers from the options below.&#xA;&#xA;A goal is not a ______________ or a ____________________." expand="true" type="slide" /><slidelink slideid="_player.6onPUsDfSkm.6KjlcWzPZ4T" displaytext="Select the correct answer from the options below.&#xA;&#xA;Who needs to be involved for the Partnership Agreement to work? " expand="true" type="slide" /><slidelink slideid="_player.6onPUsDfSkm.6cMWZUQCRqC" displaytext="Select the correct answer from the options below.&#xA;&#xA;What is the purpose of the Partnership Agreement?" expand="true" type="slide" /><slidelink slideid="_player.6onPUsDfSkm.6e3MhCG8b7i" displaytext="Select the correct answer from the options below.&#xA;&#xA;A good Mission Statement must pass the ___________________________." expand="true" type="slide" /><slidelink slideid="_player.6onPUsDfSkm.6Rc3nGdR0VD" displaytext="Drag the correct answer from the options below into the blank box.&#xA;&#xA;The most important asset of any business is its __________________________." expand="true" type="slide" /><slidelink slideid="_player.6onPUsDfSkm.6e7Rb41lqCk" displaytext="Drag the answers below into the correct order.&#xA;&#xA;The basic process of Strategic Planning is:" expand="true" type="slide" /><slidelink slideid="_player.6onPUsDfSkm.6ExH31nClFF" displaytext="Select the correct answer from the options below.&#xA;&#xA;The emphasis of the Annual Business Plan is on the ________________." expand="true" type="slide" /><slidelink slideid="_player.6onPUsDfSkm.5xzi18TPfdD" displaytext="Select the correct answer from the options below.&#xA;&#xA;What is the first page of a Business Plan called?" expand="true" type="slide" /><slidelink slideid="_player.6onPUsDfSkm.6o1btUGplG7" displaytext="Select the correct answer from the options below.&#xA;&#xA;Any documents you attach to your Business Plan are known as:" expand="true" type="slide" /><slidelink slideid="_player.6onPUsDfSkm.6OSQZp2OK1Y" displaytext="Match the correct description to the headings on the left.&#xA;" expand="true" type="slide" /><slidelink slideid="_player.6onPUsDfSkm.6abVQyBjKkf" displaytext="Match the correct description to the heading on the left." expand="true" type="slide" /><slidelink slideid="_player.6onPUsDfSkm.6aHs609m2jM" displaytext="Match the correct description to the heading on the left." expand="true" type="slide" /><slidelink slideid="_player.6onPUsDfSkm.5mbiSZQWovN" displaytext="Select the correct answer from the options below.&#xA;&#xA;Which section of the Business Plan details the way you distribute your product or service?" expand="true" type="slide" /><slidelink slideid="_player.6onPUsDfSkm.6NvFtP3GOhn" displaytext="Select 2 correct answers from the options below.&#xA;&#xA;When analysing your records, which two methods would enable you to determine the most effective and efficient ways to evaluate performance?" expand="true" type="slide" /><slidelink slideid="_player.6onPUsDfSkm.6oPri7Zhq7M" displaytext="Select the correct answer from the options below.&#xA;&#xA;Which of the following is NOT included in the Business Plan Format?" expand="true" type="slide" /><slidelink slideid="_player.6onPUsDfSkm.5xOSN9FZoAA" displaytext="Select the correct answer from the options below.&#xA;&#xA;A Standard Planning Form would typically include…" expand="true" type="slide" /><slidelink slideid="_player.6onPUsDfSkm.6RUjx7JVlNG" displaytext="Select 2 correct answers from the following options.&#xA;&#xA;The Executive Summary should state 5 key points:&#xA;Purpose of the plan&#xA;Products and market&#xA;Funding required and what it will be used for&#xA;" expand="true" type="slide" /><slidelink slideid="_player.6onPUsDfSkm.6DGSIXyhQFV" displaytext="Drag the correct answer from the options below into the blank box.&#xA;&#xA;_____________________________ helps you to identify what you are doing right and what areas need improving." expand="true" type="slide" /><slidelink slideid="_player.6onPUsDfSkm.6X9mWXClv6a" displaytext="Select the correct answer from the options below.&#xA;&#xA;________% of sales people don’t have a system for classifying clients according to sales potential." expand="true" type="slide" /><slidelink slideid="_player.6onPUsDfSkm.6oznYIMyvVL" displaytext="Match the client types to their correct profitability on the left." expand="true" type="slide" /><slidelink slideid="_player.6onPUsDfSkm.5uK8VVwjtcO" displaytext="Is the following statement True or False?&#xA;&#xA;46% of sales people don’t use a pre-planned, or prescribed routing pattern for covering their territory." expand="true" type="slide" /><slidelink slideid="_player.6onPUsDfSkm.6Vowv49Yg1C" displaytext="Select the correct answer from the options below.&#xA;&#xA;How many productive and least productive activities should you review over a set period of time?" expand="true" type="slide" /><slidelink slideid="_player.6onPUsDfSkm.64MXK5M8ItG" displaytext="Select 3 correct answers from the options below.&#xA;&#xA;You can entice prospects and customers to switch from a competitor by:" expand="true" type="slide" /><slidelink slideid="_player.6onPUsDfSkm.5ebCy4GH1xE" displaytext="Select the correct answer from the options below.&#xA;&#xA;When reviewing your time management activities, you should look to get rid of…" expand="true" type="slide" /><slidelink slideid="_player.6onPUsDfSkm.6WZPBdaN7Vo" displaytext="Select the correct answer from the options below.&#xA;&#xA;When a customer says ‘I’m not interested’ or ‘I’m satisfied’, you should:" expand="true" type="slide" /><slidelink slideid="_player.6onPUsDfSkm.5x27SBTJac4" displaytext="Drag the correct answer from the options below into the blank box.&#xA;&#xA;You should take time to do research and asking non-threatening questions to find out your prospect’s _____________ and how well they are being satisfied." expand="true" type="slide" /><slidelink slideid="_player.6onPUsDfSkm.5VMYmp7eDwx" displaytext="Select the correct answer from the options below.&#xA;&#xA;Which calculation can be used to determine your Calls per day ratio?" expand="true" type="slide" /><slidelink slideid="_player.6onPUsDfSkm.65NnHMcnAFT" displaytext="Drag the correct answer from the options below into the blank box.&#xA;&#xA;_____________________________ help you to understand the makeup of your territory and identify market potential." expand="true" type="slide" /><slidelink slideid="_player.6onPUsDfSkm.5wy5oRtifFe" displaytext="Select 2 correct answers from the options below.&#xA;&#xA;To entice prospects to switch from their existing suppliers, you can ask for:" expand="true" type="slide" /><slidelink slideid="_player.6onPUsDfSkm.665VlYOZHkb" displaytext="Select the correct answer from the options below.&#xA;&#xA;Which of the following is NOT a key time management activity?" expand="true" type="slide" /></links></slidelink></links></outline></nav_data><resource_data description="" /><transcript_data /><glossary_data /></bwFrame>