﻿<?xml version="1.0" encoding="utf-8"?><meta xmlns:xsi="http://www.w3.org/2001/XMLSchema-instance" xmlns:xsd="http://www.w3.org/2001/XMLSchema"><project id="6Yz5QPVdmVf" courseid="6nDZOPFiyGE_course_id" thumburl="story_content/thumbnail.jpg" title="HR Disciplinary, Conduct &amp; Capability Quiz Challenge" datepublished="2018-02-06T15:58:46" version="1.0.0.0" flashdata="story_content/data.swf" html5data="mobile/data.json" mobiledata="mobile/data.gz" enabledownload="false" duration="About 1 minute" totalaudio="0" totalvideo="0"><description>Checks and tests your knowledge for applying HR disciplinary, conduct &amp; capability policy.</description><keywords /><slidemeta moniker="slide" monikerplural="slides" viewslides="14" slidecountdescription="14 slides" /><author name="Ian Crawford" email="" website="" /><application name="Articulate Storyline" version="3.2.13213.0" xmlversion="4.0" /></project></meta>