﻿<?xml version="1.0" encoding="utf-8"?><meta xmlns:xsi="http://www.w3.org/2001/XMLSchema-instance" xmlns:xsd="http://www.w3.org/2001/XMLSchema"><project id="6ViPfGjvjmM" courseid="68EhBCVQWNX_course_id" thumburl="story_content/thumbnail.jpg" title="HR Grievance Policy Quiz Challenge" datepublished="2018-02-13T14:39:26" version="1.0.0.0" flashdata="story_content/data.swf" html5data="mobile/data.json" mobiledata="mobile/data.gz" enabledownload="false" duration="About 1 minute" totalaudio="0" totalvideo="0"><description>Quiz to challenge your knowledge of general HR Grievance policy. </description><keywords /><slidemeta moniker="slide" monikerplural="slides" viewslides="13" slidecountdescription="13 slides" /><author name="Ian Crawford" email="" website="" /><application name="Articulate Storyline" version="3.2.13213.0" xmlversion="4.0" /></project></meta>