﻿<?xml version="1.0" encoding="utf-8"?><bwFonts xmlns:xsi="http://www.w3.org/2001/XMLSchema-instance" xmlns:xsd="http://www.w3.org/2001/XMLSchema" fontfactoryurl="story_content/FontFactory.swf"><font id="00" name="Open SansBold Charset1 6MZydmGVeRn"><glyphs><g i="0" c="384" p="#^DP$v%jL$v%UIDmMI7mrIzk6I_i3Isi$H6jIHzkpH0mfHEm%RE$v%yA$v%$v9e%Jz9e%$BUnBCAqSCzsXCSrcDpqtDYoID8o%iG9e%TJ9e%tM8oEMPoUMcq9NAriNzspNCrGNbqYNMoaOUn%rQ9e%aU9e" /><g i="1" c="385" p="#^VA8pVAarABdsfCgtLDgteFgtUFesyGbryG8pyG6nTF6mdF5lJD5leC5lzB6mVA6nVA8p^mK8pmKusBInuRGfwIDfwKBfweAovKywuWxVs6xir6x8p6xOlSyYjCA5iMD5iKF5ieHYiKIOjyJplmK$mmK8p" /><g i="2" c="386" p="#^DH$v%7Hfu%WGfukGcvdFKv7EfwJCfwjAfw5zZuTxGtTxfr%Txmi%BBmi%BBkqBBNr6CxsEChtODhtmFht2GesLGbrLGMo%LGmi%uKmi%uK$v" /><g i="3" c="387" p="%^GB$vYx$vYx$cGB$c" /><g i="4" c="388" p="#^gCfwSzfwuynu6xvs6xbp6xQlvyZjVz5inC5iYE5iiG5k%qG5k8Gzi8Gmh%8G$c%TJ$c%TJ$v%0H$v%iGeu%8GeuTEfwgCfw^ADht$EhtGFsslGCrpGDp%pGdppG0nJF4m2F7lwD7lgC7lABbmUAenUAfpUAgrABhshChtADht" /><g i="5" c="389" p="#" /><g i="6" c="390" p="#^$vmi%3Ami%EC1qZC1r5Dos%aDosiD8rHD1q%dGmi%dKmi%rEKxEDTzaCXAIA$BKy$BNx$BRwNB%RwQywx$yjy$yiz$y1AoyNANxbBzw%pBVv" /><g i="7" c="391" p="#^NxPeNx$cPz$cRB$cRBPeRBHfkBagQAFgPzFgNxFgNxPe^GB$v%Yx$v%Yxmi%GBmi" /><g i="8" c="392" p="%^wBAo8DvmZGmi9LmiLFgovL$vcH$vgDtqGBLrGB$vYx$vYx$cGB$cGBtltBAo" /><g i="9" c="393" p="#^BDLkpCLkKBvl4BemZADn%bGDnaGemtFvlNELkBDLk^7EfwQAfwZyru6xCs6xgp6xQlQyZjyA5iAD5itG5i4ILjHJolHJio%HJ6q%UA6qYAHrQBBsICutiEutwFutCGetJHZsWIps%WIhvXHMvQG$vJFfw7Efw" /><g i="10" c="394" p="#^IDhtGEht2GRs%2GDvFEfwDCfwoAfwmz6vlyZtlyKr%ly9l%zw9l%zwAj%Dyki%Hzsf%4Csf%4Cmi%VFmi%VF9l%4C9l%4CJr4CwswCVsZChtIDht" /><g i="11" c="395" p="#^zF5ikG5iQGci%yGHl5GzlsFzlFDzlFCumGBonGB2p%GB$v%Yx$v%Yxmi%MAmi%jBEk%vBEk8CujdDOiiE5izF5i" /><g i="12" c="396" p="#^tHYrtH2u$F9vyEfwEBfw9Afw6z2w3yRv8xsv%8xnsaySstzctNAxtMBxtNDxtNDlsNDVrwDErfDmrBC0rXBGqQAcqgzypwy_oNxqorxIn6xZm6xVl6x4kwy5jXz5iwC5i_E5ijH9j%bGSlaFplhE8loDSksCSkPASkPALlPAfmlBDmTB_mGDIngFlo$FVoLGtp6HcqtHXqtHYr" /><g i="13" c="397" p="#^9K$v%rG$v%rG1orGxmXFPlsF4loE4lZC4ljC7mGBanGBAp%GB$v%Yx$v%Yxmi%OAmi%iB5k%vB5k1C9j4DDi7E5itF5ixI5iCJ5k%XJ5kvK8jzLDiDM5iZN5iiQ5iuRhjGStkGS5n%GS$v%XO$v%XO1oXOxmrOPlYN4lUM4lwL4lQK2m9K0n9K8p" /><g i="14" c="398" p="%^aJ$v7IdrIGblCGbl7E$v7A$vewmiYzmiwBoo#VB0qiCTsmCTs#qCXrOCWp_CUoGEmiNIminKUo#qK9pxKHp#EKcqKKOq#QKorVKZr#_Kxs$KTs4LTs#bL_rtLsq#LLWoTLoovNmi9RmidN$v" /><g i="15" c="399" p="#^yK$v%QG$v%QG1oQG4lDE4l3D4lmC8mGBbnGBAp%GB$v%Yx$v%Yx$c%GB$c%GBSgGBjhAB_i%vB5k%HB5kXC5iFF5i3I5iiJojyKGkyK5n" /><g i="16" c="400" p="#^vF9l%gC9l%gC$v%yy$v%yy9l%vw9l%vwmj%yymi%yylhyy0fHzYdRATcnDTciFTcOGrd%RFagJEQfMDQf_CQfDCiggCMggCvh%gCmi%vFmi" /><g i="17" c="401" p="#^vF9l%gC9l%gC$v%yy$v%yy9l%vw9l%vwmj%yymi%yylhyy0fHzYdRATcnDTciFTcOGrd%RFagJEQfMDQf_CQfDCiggCMggCvh%gCmi%vFmi^bP9l%YL9l%YL$v%eI$v%eI9l%bG9l%bGmj%eImi%eIlheI0fnJYdxKTc3NTc_OTcuQrd%xPagpOQfsNQfGMQfjMigYLMgYLvh%YLmi%bPmi" /><g i="18" c="403" p="#^mz4q%mzapmz$nSz8nmAgmHBhlZCmknDOjNDdjNDwiNDJhcDjhDCUgzBUgKzUgox4i%3wpfNyUdRBUdlEUdQF5fjHigjHjijHFjIGEk5GCloEQmdDInVC9oBCCoBClp%BC4q^ZyfuZydtwzIs3Aas7Bas7CasGCIseDeteDfueDcvGCMv7Ckw7Bkw5AkwxzNvZyevZyfu" /><g i="19" c="404" p="%^ODvlwH9eBL9eGF2pGF$vVB$vVBap_v9e5A9e" /><g i="20" c="405" p="#^uDfw6xfw6xfp6xMlRyXjAA5iPD5ibG5i4I0j%ZGUl5GxlkFjlAE5lPD5lVA5lVAdpVAetPDetUEetPFYsKGFsEH2s%EHevKGOvPF0wUEfwuDfw" /><g i="21" c="406" p="#^rFfw1DfwGBvu%tBvuGBcwGBtw%GB$B%Yx$B%Yxmi%ZAmi%vB6k%GB6k_C5iyF5iYH5ikJZjIKQlIK8pIKkr3KYsqJzueIpv2HfwrFfw^lE4lZC4lkCWlHBMmGBJo%GB7pGBkrkChs_CetoEetVGetVG5pVG4nhG4mGF4llE4l" /><g i="22" c="407" p="#^BDkt0FktGFwslGIrpGGp%pGdppG0nJF4m2F7lyD7lVA7lVAfpVAirzBjsdCktBDkt^gCfwSzfwuyou6xws6xbp6xRlvyZjVz5ilC5iED5iBEAizF3jiG5k%pG5k%KGmi%TJmi%TJ$B%8G$B%8Ghw8GxviGeu%8GeuyFdvyEKvzDfwgCfw" /><g i="23" c="408" p="#^yK$v%QG$v%QG1oQGxmiGPlNF4lDE4l3D4lmC7mGB9nGBAp%GB$v%Yx$v%Yxmi%OAmi%iB5k%vB5k7C5jdDBijE5iIF5i4I5ijJnjyKFkyK5n" /><g i="24" c="409" p="#^yF5iYH5ikJ_jIKSlIK8pIKxshJouTHfwrFfw1DfwGBvu%pBvu%OA$v%Yx$v%Yx$c%GB$c%GBqhGBfiwB6k%GB6kZC5iyF5i^lE4lZC4lkCWlHBMmGBJo%GB7pGBkrkChs_CetoEetyFetdGasVG6rVG5pVG4ndG4mxF4llE4l" /><g i="25" c="410" p="#^QJli%QJdk%HHNkhIHlhIRmhI1pKGgqcFvruCvr%PBsr%gBorHAQrHAnsHAatLCat%3FatjHatuI8uGJ5vGJZwGJmzGHGAGF$BXB$B4z$Bzx$A3w$z3wdy3w_wQw9wCxkv5zZuwyJu5yauGxCtGx_sGxds6yIrzyarqzGqlycqJxbp5x9o5xMm5xxkyyjj$z5iHC5igD5i2EbiREhi3Fli^hzWxhzHy0A7zMAAz5CAz5EAzeF0znGtynGwxnGLwIFsw1FawDDaw%HBawGAawZzEwhz7xhzWx^EAPmEAXn8BBoFBepHCepLDepeEBoJEXnJEPmJEmkHCmkEAmkEAPm" /><g i="26" c="411" p="#^qxfuqxdtZxIswyaszzasAAas7BIsHBetHBfuHBcv7BMvzAkwzzkwyykw_xNvqxevqxfu" /><g i="27" c="412" p="%^wI$vey$vey9ewI9ewIfh0Cfh0Cal3Ial3Igo0Cgo0CTswITs" /><g i="28" c="413" p="#^CG$v%UF8u%NF8uREjvRDNvSCfwgBfwizfway7v2x$t2xWr2xLpzyJo4AHn8DAn%vFwn%vFVmvFRkoDRkLBRkyzQl%jyjjGA4ixD4ihG4iKHhjcJtkcJVm%cJ$v^vFHp%3EKpsCNpFBjqSARqSAYrSAxtGCxtYDxtJENsvF1svFOq" /><g i="29" c="414" p="#^vF9l%gC9l%gC$v%yy$v%yy9l%vw9l%vwmj%yymi%yylhyy0fHzYdRATcnDTciFTcOGrd%RFagJEQfMDQf_CQfDCiggCMggCvh%gCmi%vFmi^tHPetH$cvJ$cxL$cxLPexLHf0LagwKFgvJFgtHFgtHPe^mL$v%EH$v%EHmi%mLmi" /><g i="30" c="415" p="#^qxfuqxdtZxIswyaszzasAAas7BIsHBetHBfuHBcv7BMvzAkwzzkwyykw_xNvqxevqxfu^qxakqx8jZxDiwy5izz5iAA5i7BDiHB9jHBakHB9l7BIlzAfmzzfmyyfm_xJlqxalqxak" /><g i="31" c="418" p="#^0Czm%gDzm0FzmTFTlLGalLGRjLGwi0GUhiFfhLDfh%0Cfh^AKJjAKBmMI7oZGFpEDFp%0CFp%0C$v%ey$v%ey9e%XD9ebH9eTIyfAKXgAKJj" /><g i="32" c="419" p="%^bB$v$vmiUzmiwC7q#ZCBr4DWs8DWs#cDLrHD7qjGmidKmi0F$v" /><g i="33" c="420" p="%^ey$vey9e1C9e1C$v" /></glyphs></font><font id="10" name="Open Sans Charset1 5WwpacZg6JS"><glyphs><g i="0" c="384" p="%^_C4nLH9e$J9e1E4p1E$vXB$vXBap$v9egy9e" /><g i="1" c="385" p="#^ODfwQAfw6zruoxDsoxqpoxam_yhkAAnigDniNFnifH1kJIGlJIoo%JIGp%vzGpzz1sHAgtPBuuTDuu1Guu8IAt%8Inv3HRv6G2w9FfwODfw^fD4kEB4kGA7lJzamyz1o%yG1oyG6mHF5lQE4kfD4k" /><g i="2" c="386" p="#^MGlsMGdunFev_DfwtBfwPyfwkxov%kxwthy$toziuvAAuwBAu6DAuYD4uPEztPEwsPEKr7EbrsDDqvBSpDzapQyFo2y7oFxtnhxPmhxUlhxgkCykjYznigCniqEniuGfj%MFVkLD4k7C4kGA4kXzxkdzZkdzMldzimuzHmMz3nnApn_AKnJCoo5FfpWF8qMG0rMGls" /><g i="3" c="387" p="%^oM$v0K$vgA0haA0h#mAFjmARlmA$vsy$vsy9eOA9ewK3tCK3t#BKKsvKYq#qK9prKoorK9eoM9e" /><g i="4" c="388" p="#^HJipHJzs1IpuoGfwuDfwHBfwiApvVyzu8y_soxproxipox0m1zckGAnizDninGni1IfkHJ6mHJip^vzhpvzSrwActyByuxDyuwFyuyGctAHSrAHhpAHKmyGqlwF5kwD5kwB5kvAplvzImvzhp" /><g i="5" c="389" p="#^XN2nXNkrMLOtCJfwLFfwOBfwFzRtwxqrwx1nwxGiFzhgPBTdMFTdCJTdMLjgXNLiXN2n^Jz2nJzHqfBzsOCruLFruJIrudKzsKLHqKL2nKLsjdKBhJIKfMFKfOCKffBChJztjJz2n" /><g i="6" c="390" p="%^lL$vUI$voClnwA$owA$vsy$vsy9ewA9ewA$mCI9e3L9eUDVl" /><g i="7" c="391" p="#^MJljMJ3mVHxn3G_oDC_o%wA_o%wA$v%ry$v%ry9e%4D9eMJ9eMJlj^wAcn%oCcn8FcnmGjmBHplBHsjBHGhrGPgiFYfRCYf%wAYf" /><g i="8" c="392" p="#^fEni8FniRFwi%zFokKEdk5EdktCdkjBxlaARmaAPo%aA$v%8y$v%8yDi%PzDi%2A5l%8A5lUANjXB4j_CnifEni" /><g i="9" c="393" p="#^iH$v%iHkniHIlyGVkPF5kdE5k7C5k8BelaAmmaAZo%aA$v%7y$v%7yDi%NzDi%7Ark%dArkRAsjYBWi4DnitEniTGni5IyjkJIkkJgn%kJ$v" /><g i="10" c="394" p="#^tCAu$CAuvDvu$DpuiEku%iETvZD1wkD8wHCfwaCfwhyfwhy9s%hyck%nwck%nwdj%hyni%8zxf%jAxf%jADi%cEDi%cEck%jAck%jA3sjAhtUAXttBAutCAu" /><g i="11" c="395" p="#^nG$v%ZF5u%TF5uTElvTDOvTCfwoBfwpzfwgydv8xbu8xis8xfoDD2o%UF_n%UF8nUFAldFQkyE4k2D4knB4kgz5l%EyyjDz0jOAJi_BpiaDpizFpiJGtjTHwkTHSm%TH$v^OBAuHDAuMEytRFvsRFDq%RFqp%PDvppBApkAfqgzWqgzksgzptWz$tBAAuOBAu" /><g i="12" c="396" p="#^aA$v%8y$v%8yDi%aADi^Zx$eZxiejy_dFyFdazFdFzFd$z_dmAjemA$emAGf$z0gFzmgazmgFymgjy0gZxGfZx$e" /><g i="13" c="397" p="#" /><g i="14" c="398" p="#^wIfrwICtOGXu5FfwaCfw$yfwhxqv%hxqtoyUtGzauZArueCrujErumFEtqGRsqGrrqGwq2GWpGFkpOEQoWDko8CHnFzOmAyAlwxmkwxoiwxkg3z6fDAUdaDUdQFUd3ISe%qHGgcFLf7DLftBLfyAsgDz9hDzqiDzljYzXjiAxk6B1lWBwlBD6mpG7nsHgowIppwIfr" /><g i="15" c="399" p="#^8A8pGAooLBbn%3GDi%tIDi%2Djo%RI$v%oG$v%GBGp%8A_q%8A$v%8y$v%8y$c%8A$c%8A3n8AKn2A8p" /><g i="16" c="400" p="%^aA$v8y$v8y$caA$c" /><g i="17" c="401" p="#^aEbk%MAbk%MA$v%Ky$v%Kybk%lwbk%lwgj%Kyyi%KyOhKyTc1DTc6ETcxFid%0FWeRDye0DyeSByejBjfMA3gMALh%MACi%aECi" /><g i="18" c="403" p="%^ry$vry9ewA9ewA7uoI7uoI$v" /><g i="19" c="404" p="#^5JDi%5JVj%DGckYGDkdHjlvH$lvHSmvHQo9G$pPEartCarSBarlB3r2ALr2AOs2AltvACtYATt2CTt%qETtBGTtLHOuWIIvWIrxWIFz8HQAmF$BXB$Bjz$BUx0Btw2Atwfytw1xfx8w1yfvszXuXyIuAydueyKtey4teylsDyOr0zfrSzKqQyjqayipwxgowxXmwxLkQyzj9AniACniDDnitEDi^qyeyqykzkzUzfAsAZBsAwEsAKFHzZGWyZGCxZGwwiG5wDFHvMDHv%lBHvZzHvbzlwqy$wqyey^wzVmwziojA1p6BLpxCLpvFLpvFSmvFSjuCSj3BSjhADkwzolwzVm" /><g i="20" c="405" p="%^_L$vWJ$vWJCnwACnwA$vry$vry9ewA9ewALlWJLlWJ9e_L9e" /><g i="21" c="406" p="#^gA5t%sAmt7ABuxzcwXyPxhydz%Mwdz5xXxux3wUxcu2y5t" /><g i="22" c="407" p="#^bP$v%bPhnbPHlvOUkQN5koM5kuK5kAJblHIgmHIwo%HI$v%FG$v%FGhnFGHlZFUkiF5kRD5kXB5k2BelaAnmaAZo%aA$v%8y$v%8yDi%NzDi%7Ask%dAskNAtjQBWiTCniaEnijHnigIDk%nIDkZIBj5K_ieLniHMniYOni4QyjdRIkdRgn%dR$v" /><g i="23" c="408" p="#^0wDi%byDi%7Bfq4CSsjC0u%pC0uzCot3DUrADnqoGDi%zIDi%PCRxYB5APA2BGz$B0y$B5x$BbwNB%bw9ASwjAHxjANzjAGAZx%pB3w" /><g i="24" c="409" p="#^RxIuRxTtdyttBy2tiz2t$z2toAttOATtOAIuOAvvoAXv_zmwizmwGymwfyZvRxAvRxIu" /><g i="25" c="410" p="%^4J$vCG8o#oGqnLFTkFFTk#9F0nNEaogC$vWz$vgwDioyDi#HzFnmAiq#2BWs8BRtfBRt#nB9tGB2s#ZBXqcCiqFEDiRGDieJiq#WJosaKPtgKPt#jKntxKts#LKyr4NDiaPDiuL$v" /><g i="26" c="411" p="#^iH$v%iHlniHJlyGWkPF6kdE6k6C6k8BflaAomaA$o%aA$v%7y$v%7y$c%aA$c%aALiaANj3Atk%bAtkOAwjUBZi$CpiqEpiTGpi5IAjkJKkkJgn%kJ$v" /><g i="27" c="412" p="#^2ADi%2Air2AWsNAKtxByu7DyudFyubGpt9Hfs9HEp%9HDi%bJDi%bJ$v%wH$v%dHcu%6HcuuGbvnFJvhEfwSCfwqAfwcz5v$xWt$xnr%$xDi" /><g i="28" c="413" p="#^Mz9e%YzqeDzEf1zghryTiNxgk%iwgk9xNgyx9e" /><g i="29" c="414" p="%^4B$v$vDiayDi2Byq#1CktcC9uiC9u#qCwt8Dur#SDsplGDixIDirD$v" /><g i="30" c="415" p="#^eHcu%7HcuKFfwXCfwjAfwRysuoxFsoxlpox1mSyckkAniXCniFFni6Hlk%gHlk%bHnj%7Hri%7H$c%9J$c%9J$v%wH$v^bDyugFyubGqt7Hhs7HMp%7Hlp7HvmaGileF4kaD4koB4krAtlvzRmvzmpvzWrrAetnByubDyu" /><g i="31" c="418" p="#^uDfwAAfw_ysuoxFsoxopox1m$yckDAniDDniBEniyFAiwGNi3H3j%sGNkNFwk_ElkbEakADakvzakvznpvzRruAatuBuurDuu6FuuTGLt%TGyvxFfwuDfw" /><g i="32" c="419" p="%^oI$vsy$vsy9eoI9eoI$fwA$fwALlWHLlWHAnwAAnwA8uoI8u" /><g i="33" c="420" p="#^EMbk%eJbk%eJ$v%cH$v%cHbk%PEbk%PEgj%cHyi%cHOhcHTcvLTcAMTc$Nid%uNWejMyeuLyekKyeNJjfeJ3geJLh%eJCi%EMCi^aEbk%MAbk%MA$v%Ky$v%Kybk%lwbk%lwgj%Kyyi%KyOhKyTc1DTc6ETcxFid%0FWeRDye0DyeSByejBjfMA3gMALh%MACi%aECi" /><g i="34" c="421" p="%^0xdq0xno0Dno0Ddq" /><g i="35" c="422" p="#^0O$v%ZL$v%nI2k6IfjOH2iuHQgtHBgcHciCG6k%7D$v%3B$v%kw9e%wy9e%lBapWBurbCntwC8raD$o%mG9e%zI9e%WL5pvM_qVMnt8NErNN8p%BQ9e%OS9e" /><g i="36" c="423" p="#^mEpi$GpisIckVJ$lVJipVJBsrIquZGfwmEfw3DfwZBMvUAhvaAhu%0Ahu%Bz$v%8y$v%8y$c%aA$c%aAChaAaj3Apk%aApkABpimEpi^3E6k$B6k4BilaAumaAipaA6s6Bkt2Cyu7Eyu_FyuUGbtPHPrPHgpPHFmUGol_F6k3E6k" /><g i="37" c="424" p="%^sy$vsy9ewA9ewA$v" /><g i="38" c="425" p="%^mB8pJwDi0zDiyCLn3GDilIDiHD8pAI$viG$vyCAqMy$vtw$v" /><g i="39" c="426" p="#^mEfw3DfwZBMvUAhvaAhu%0AhuaAsvaAvw%aA$B%8y$B%8yDi%NzDi%3Ark%aArkYAlj_BSi0DnimEni0HnisIbkVJ$lVJipVJBsrIquZGfwmEfw^3E5k0C5k5BelbAmmaARo%aAhpaA6s6Bkt2Cyu7EyuRFyuQG8tPHKrPHgpPHMmQGrlRF5k3E5k" /><g i="40" c="427" p="%^XD$vSB$vSB$fdw$fdw9eBJ9eBJ$fXD$f" /><g i="41" c="428" p="#^YI$v%dx$v%dxfu%VBwp3ElnLEqmrFulMFCk6GKj6GJi6GiheFtgnEDfRCDfKBDfKA_fKzlgwyjh%rxXfVzUdPCUdkFUdLGafbIsgbIEibIkkeH$lhGFnGDcq%Mz0u%Mz7u%YI7u" /><g i="42" c="429" p="#^2J2n2JGrAHZt7Gfw7DfweAfwKyVtexzrex2nexoiHy8g8ATd7DTd1GTdxHeg2JAi2J2n^hz2nhzXqcAJs7Bvu7Dvu9Fvu3GIsZGUqZG2nZGcj3Gqh9FEf7DEf7BEfcAphhz9jhz2n" /><g i="43" c="430" p="#^bDyudFyu8Gtt3Hns7HOp%7Hlp7HxmaGjleF4kaD4koB4krAtlvzRmvzmpvzUrqAdtmByubDyu^UCfwiAfwRyruoxCsoxlpox3mSydkkAniXCniGFni9Hrk%gHrk%zHDi%9JDi%9J$B%7H$B%7Hhw7H3vgHcu%6HcuIFfwUCfw" /><g i="44" c="433" p="#^7DUdzFUd_G1fqI9gqI9iqItjBHzkNGEl_Eym9Hzn4IJo$ISp$Imr$IBtrHWuUFfwcDfwlAfwOy$ugxKtgxrrgxno$AFmjzIlAyCkRxvjRx7iRxbghz2fJAUd7DUd^gzvrgzZshAOtiBCu8DCuZECu_FLt$GUs$Gor$Gcq2Ghp5FmoJCvnVAho4Adpgz9qgzvr^5DxfABxfIAggRz_gRzdiRzljzA9khBYkdDMlZE1lHFbkqGljqGdiqG_gxFggFExf5Dxf" /><g i="45" c="434" p="#^OC6lCF6ldHvmRIUnRIkqRI5t4HGujFfwdCfwbzfwCxhv%CxkttyTtKzbu0BvufCvuoEvuAFutMGtsMGyqMGQmbCQm1BQm5zan%2yvm%Jy9e%BH9e%BH1g%sA1g%$znlpB6lOC6l" /><g i="46" c="435" p="#^YytjYyylozBmRzDnSADnSCDnSCtjSCkfSAkfRzkfozmgYyohYytj^xEtjxEfmBDHnGC6pSA6p9z6pcyFngxbmgxtjgxHgayif4zUdSAUdDCUdADlfxEOgxEtj^HJDqHJJs8KLtBKNuCLNuEMNu7NMtCNKsCNDqCNxo7NxnEMwmCLwmBKwm8KxnHJxoHJDq^hPDqhPotlOQuqNfwCLfwTJfwXIOu0Ikt0IDq0IRnWIsmQJ2lCL2llN2ljOumhPVnhPDq^8M9e%eC$v%sA$v%lK9e" /><g i="47" c="436" p="%^jK$vZH$vaD8ohy$v5w$v0CGmvw9eNy9edDdlHH9eUJ9emEBm" /><g i="48" c="437" p="#^iGFm%mMFm%mMkvYKNvuJ0w0Ifw5Gfw1CfwMzRtwxqrwx3nwxhkDybiLz5gRB$eYDUdMGUdDJUd5MXe%iLMgTILfEGLfnDLfyBHhJzDjJz4nJzHquBzsfDruFGruwIruhK$t%hKwo%iGwo" /><g i="49" c="438" p="#^Zz4r%Hy4r%3y9e%BA9e^RxIuRx2tjz2t0A2toAttNAUtNAIuNAuvoAWv$zmwjzmwGymwfyZvRxAvRxIu" /><g i="50" c="439" p="#^4GLf8DLfrBIhKzFjKz4nKzAqnBvs0Dpu3GpuWHpujKKt%jKyvtIfwKFfwOBfwFzStwxsrwx2nwxhkyyciAz7gwB0ftDUd6GUdWIUd0LVe%8KHg5ILf4GLf" /><g i="51" c="440" p="#^wz4r%wzpqwz_oYz3opA8nBB6mgDJkHD0k7Eij7Eii7E2hkDngxCIf1BIf3AIf8zWfey8g2xLg%kw5fDyUd8BUduDUdME1f3Gag3Ggi3G9jQFRjBFwk7F7lFEJl7D3nUB6ouBPo5Bvp5BGq%5B4r^WyIuWy2toA2t5B2ttBttSBUtSBIuSBuvtBWv4BmwoAmwLzmwkzZvWyAvWyIu" /><g i="52" c="441" p="#^wAAo%wA$v%sy$v%sy9e%lD9eDG9ebIpfMJFgMJbjMJKmaGZn%0L$v%zI$v%fEAo^wAOm%mDOmzFOmAGWlCH2lCHijCHxhzGLgxFZfdDZf%wAZf" /><g i="53" c="442" p="%^lG$viAagbAag#mA2imAEkmA$vsy$vsy9eAB9edHTskHTs1N9e7Q9e7Q$v2O$v2Ovk#2OwidOcg7Ocg0I$v" /><g i="54" c="443" p="#^sy9e%uD9e2H9eDIdfdKggdKzidK9kkJblsIdmLGxm%LGEmPKlnPKWqPKjtbJFuAH$vGE$v%sy$v^wAOl%XDOl8GOl5H6l3Ipk3INi3Ihh_GDgWFYfADYf%wAYf^wAzn%wAeu%fEeupGeuvHptBIzsBINqBI6ptHlomGzn4Ezn" /><g i="55" c="444" p="#^EI9e%TK9e%rE$v%oC$v%$v9e%by9e%hCHp$CHrpDztRDBrzEDp" /><g i="56" c="445" p="%^FJ$vsHkqiAkq5y$v$v$v2D4eOE4eQL$v^OGsoJEWi#kEShUDlg#DDwh7DWi1Bso" /><g i="57" c="446" p="%^wA$vsy$vsy9eoI9eoI$fwA$fwAxmWHxmWHnowAno" /><g i="58" c="447" p="#^RxIuRxTtdyttBy2tiz2t$z2toAttOATtOAIuOAvvoAXv_zmwizmwGymwfyZvRxAvRxIu^RxVjRxhiizhiOAhiOAVjOAJkoA9l_zAlizAlGyAlfyblRxOkRxVj" /><g i="59" c="448" p="#^WL9e%WLIpWLLs4KvueIfw0FfwOBfw1AuugyJsgyFp%gy9e%lA9e%lAOplA1szBetNCru9FrupHruDIetRJ1sRJNp%RJ9e" /><g i="60" c="449" p="#^hIlihI2kjH8lmGemBEBm%BEHmLGZmNH3oQI9pQIXqQIvt2HTuhFfw1CfwCAfwqz1wfyPv8xhv%8xmtiyWtCzeuWAxu5CxuJGxuJGUqJGFnDBFn%SzFn%SzVl%EBVlKDVlYE_kaG2kaGqiaG6hgFngnEDfRCDfGBDfDAXfBzfggy6h%exKflyTeMzoecBUdOCUdoFUdQG4fhIgghIli" /><g i="61" c="450" p="%^NJVr8HVr8H$vcF$vcFVrwwVrww7q_E3e8H3e8H3qNJ3q^cF3qcF7k#cFnijFagdFag#EElh7E7iyy3q" /><g i="62" c="451" p="#^JE$v%LC$v%LChjLCHhRChgACxggCPgYB5hmzcj%hyOh%0D9e%JE9e" /><g i="63" c="452" p="%^fHRzXvRzXvfyfHfy" /><g i="64" c="453" p="#^qxmoqx5jtzvgwBUdwFUdUGUdHH6e%HHSfLGzfyFzfGCzf9BmhEz8jvzZm%EzZm_ATkUDTkiGTkGHkm3JNn3Jgq3J2tyHFu1GfwrDfwGAfw2zauqx4sqxmo^qDxu9Fxu6Grt3Hks3Hgq3HuoaGunhFtmwDtmqCtmvBWmAAmn1A9ovzYovzPpvz4r_zastAftmBUtgCxuqDxu" /><g i="65" c="454" p="#^2BIh2ByiuBjjWB4k_C8lzEekaFsjOFGiOFGhOFJg9F8gxEyfuDyfpCyfJB8g2BJg2BIh^XCruTFruQHys%uCnn7BcozALo0AhpKzVptzxqtzkrtzLspABtmBruXCru^nxnrnxNpdyzo3zlngB5meAXkSzlkuzKjgz5j2zsi2zLh2zWfeAVerBTdADTdyFTdHGUeQHVfQHJhQH1j_G8k9GflfEnm%dJ9rUJoqiKnpJKmo$K9n%2N9ndMEqyKrs%bO$v%oL$v%8JQtIH7vcGHvJEfwUCfwgAfwPyYunxFtnxnr" /><g i="66" c="455" p="#^ww$Bmv$BEuHB%Eu2AuviAiwiAfxiAHxMz8yfz8yby%8yDi%aADi%aA2yaA$Bww$B^Zx$eZxiejy_dFyFdazFdFzFd$z_dmAjemA$emAGf$z0gFzmgazmgFymgjy0gZxGfZx$e" /><g i="67" c="456" p="#^RxIuRxTtdyttBy2tiz2t$z2toAttOATtOAIuOAvvoAXv_zmwizmwGymwfyZvRxAvRxIu^jEIujETtHEtt3F2tMF2ttG2tSGttgHTtgHIugHvvSGXvsGmwMFmw8FmwJEZvjEAvjEIu^OKIuOKTtaLttyL2tfM2tYM2tlNttLNTtLNIuLNvvlNXvXMmwfMmwDLmwcLZvOKAvOKIu" /><g i="68" c="457" p="#^HMVmHMjrhKFtUH$voD$v%ry$v%ry9e%VD9e4I9enKtgHMMiHMVm^uKZmuKujKIJh_GYfxDYf%wAYf%wAcu%2DcuLGcuCInsuKyquKZm" /><g i="69" c="458" p="#^YAgk%MA_jsBnhXC9e%rE9e4EyfIDjhlD4jbDgk^rwgk%iw_jzwUi9xghMxDfry9e%Yz9e7zfhHygk" /><g i="70" c="459" p="#^Mz9e%YzqeDzEf1zghryTiNxgk%iwgk9xNgyx9e^gE9e%rEqe8ExfyD9hZCMiiCgk%MAgk4B1juB9hUBhf2C9e" /><g i="71" c="460" p="#^aEbk%MAbk%MA$v%Ky$v%Kybk%lwbk%lwgj%Kyyi%KyOhKyTc1DTc6ETcxFid%0FWeRDye0DyeSByejBjfMA3gMALh%MACi%aECi^EI$v%CG$v%CGDi%EIDi^rG$erGieNG_d7HFdEHFd7IFdtI_dQIjeQI$eQIGftI0g7ImgEHmg7HmgNG0grGGfrG$e" /><g i="72" c="461" p="#^aEbk%MAbk%MA$v%Ky$v%Kybk%lwbk%lwgj%Kyyi%KyOhKyTc1DTc6ETcxFid%0FWeRDye0DyeSByejBjfMA3gMALh%MACi%aECi^EI$v%CG$v%CG$c%EI$c" /><g i="73" c="462" p="#^fA5t%sAmt7ABuxzcwXyPxhydz%Mwdz5xXxux3wUxcu2y5t^NxVjNxhiezhiKAhiKAVjKAJkkA9lXzAlezAlxyAl9y9lNxJkNxVj" /><g i="74" c="463" p="#^XN2nXNuqyMLsaL0vFIQv%VMfA%UJfA%qGdw%LFfwOBfwFzRtwxqrwx1nwxGiFzhgPBTdMFTdCJTdMLjgXNLiXN2n^Jz2nJzHqfBzsOCruLFruJIrudKzsKLHqKL2nKLsjdKBhJIKfMFKfOCKffBChJztjJz2n" /><g i="75" c="464" p="%^HG$v$w$v$wCuhEckrxckrxDiwGDiwGbkjzquHGqu" /><g i="76" c="465" p="#^_Q5n_QQorQgqVPIrWOvsYNitHMitELitWKFscK0s3K1r%ZJ1ruJ5szIIsFHitqGitAEityD2swCNqwCEowC9mYDCkpF2jLH2jAI2jDJcjGKljwLCj%dLlp%dLCpdLNrQMNrXNNrEOtqlP9plP3nlPSkrOcjxNxhSLEgcKKf1IKfjFKfiDTgiB$heA5kazbmazXoazFs7BFu5DFwOGFwmJFw6MCv%6MexMJgyOGgymCgyVzQvtxottx0ptxRlMynj4AUguCxfVEae1IaeFKaeIMhfLOngSPpi_Qrk_Q5n^mEHomENrLGNrgJNruJZn%FJNkNIykLHyk9GykfFElmEKmmEHo" /></glyphs></font><font id="20" name="Microsoft Sans Serif Charset1 6MtHKV5qQA5"><glyphs><g i="0" c="880" p="%^JKdgOEdgOE$vpC$vpCdgywdgyw5eJK5e" /><g i="1" c="881" p="#^qE8lWD$k0D$kfB$k$zRm%$z$v%Hx$v%Hx2j%$z2j%$zRksBLimDLiSDLiqERi" /><g i="2" c="882" p="#^UFBs%UFJp%jEJpjzJpjzrsjzqt2AYtNAuu0Cuu9DuudE_thFttUFBs^UFFu8EiwmBiwrziwbyfvXwcuXwzsXw0oME0o%UF0oUFDmKF$lBFnlWEZkfEykOCykJzykDzKm%kxKmAxLiVCLipFLiOGKjbIJkbIDn%bI$v%UF$v" /><g i="3" c="883" p="#^$zHkJBLiSDLifILifIwn%fI$v%XF$v%XFDnXF1mnFllPEEkwDEkLBEk$zJm%$z$v%Hx$v%Hx2j%$z2j" /><g i="4" c="886" p="#^jCiw$wiwMw7s%3z7s5zuuiCuuJDuutEVtdFjtdFqsdFxruEarLDPqsBfqazGp6yZo3xfo3xtm3xRknyOjHzLiUBLi_GLi5Hnm%OEnmGEyk1CykUAyk7A_kmzqlmzgmmz0nXzmnxAHnTCgoeFQomGBpvHlqvHcsvHZt5G8vIEiwjCiw" /><g i="5" c="887" p="#^oARk%oA$v%5y$v%5yRk%bwRk%bw2j%5y2j%5yUh5yOdJBOdPCOdrDXd%rDXfLCPf1CPfcBPfOAigoAMgoAWh%oA2j%RC2j%RCRk" /><g i="6" c="888" p="#^XCLiIFLimHwk0Jhm0Jwp0JLsmHxuIFiwXCiwaAiwwyxuTwLsTwwpTwhmwywkaALiXCLi^XCuuBEuuCFetEG_rEGwpEG2nCFOlBEykXCykiBykgAOlez2nezwpez_rgAetiBuuXCuu" /><g i="7" c="889" p="#^bP$v%UM$v%UMDnUM$lqMklYLEkTKEkcJEkBHJm%BH$v%iF$v%iFDniF$lQEklmEEkgDEkBBEk$zJm%$z$v%Hx$v%Hx2j%$z2j%$zHkDBLiDDLitGLifH5lyIzjrJ9jlKLidLLibPLibPwn" /><g i="8" c="895" p="%^$z$vHx$vHx2j$z2j^$zBgHxBgHx5e$z5e" /><g i="9" c="896" p="#^bI_ubIeByCeB6AeBHyaAhx7zhxkx%GzkxGzszwCsz8Esz0FzyUFGxUF5v%UFrumEiwbCiwFziwgyvuTwHsTwDpTwsmqyCk_zLilCLirELiUF2k%UF2j%bI2j^UFgs%UF6mpEykuCyk0Byk7AQlez5nezDpez0s3AftVAuuoCuujEuuUFgs" /><g i="10" c="897" p="#" /><g i="11" c="898" p="#^$x5e%GE5eTG5elIweQJWeHKhgzLEhzLkjzL1mRJrn7IRoSERo%mARo%mA$v%$x$v^mAJm%UEJmaHJm8ISl6J$k6Joj6JkiAIvh2IFgdHrgoGdgREdg%mAdg" /><g i="12" c="899" p="#^bDiwlAiwCywuTwJsTwwpTwlmyyykeALiXCLiIFLimHwk0Jhm0Jwp%0J4q%gz4qpzjsvAptBBuubDuupEuunFTtlGgtoG7s%MI7svI7uYGdvqFiwbDiw^BGgojGomkFtlmEykXCykzBykzAtlAzomjzgo" /><g i="13" c="907" p="#^$zBkxBLiHDLieGLiDHyk0Jlm0Jpp0JBssHsuVFiwxDiwrBiw$z_u%$zZA%HxZA%Hx2j%$z2j^$zWstBuuoDuuTEuuLFdtEGXrEGppEG0nPFNl_EykuDykAByk$zMm" /><g i="14" c="909" p="%^$z$vHx$vHx5e$z5e" /></glyphs></font><font id="30" name="Open SansBoldItalic Charset1 5rdG1pqPpzi"><glyphs><g i="0" c="384" p="#^2H1hqF1h8E0iSC$i4CWkiBRmiB3piB5r7C5sZC4tOE4tAG4tWI7s%WIivuGfw1EfwXAfwdzquvxBsvxfpvx2mMymj1AFg9CgfhETd2HTdzITdLJ9eXKqehM9f%RKciyJuhIIghTH1h2H1h" /><g i="1" c="385" p="%^7A$vrw$vtA$c8E$c" /><g i="2" c="386" p="#^Wz8fWz4evAyd4B$c8C$c1D$cvDndZDLdZDseZDrfqD2gUCFgMBFgWzFgWz8f^7A$v%rw$v%lzmi%0Dmi" /><g i="3" c="387" p="#^aCfwJzfwpyXu5xCt5xdr5xEo$xwmVyokyAfjcC5ijE5iyG5ikIZi%cHMlyGulVFhlgF4ltE4lqD4lACSlLBEmhB$nPAmpPAWqPA5smBHsWBhtVChtRDhtDE$sqFIsgGgs%gGhvqEfwaCfw" /><g i="4" c="388" p="%^dHmipLmilFvoQI$vJE$vuCTq0BLr7A$vrw$vtA$c8E$clCtl#fCZl_BVmEB8oHB8o" /><g i="5" c="389" p="#" /><g i="6" c="390" p="#^rv$Bau$BjtHB%jtKy3u$yJu$ytv$y1wvyBw0yQwWw%jz9l%kx9l%Hxnj%Wzmi%8AkhEA$eQBXd1DTc9FTcMGTc2Itd%3HcgdGQfrFQfLEQfjEjgUDOgLDBh%BDmi%gGmi%GF9l%_C9l%mAtxqz$Brv$B" /><g i="7" c="391" p="#^PFvnPF5l4E5l9D5lqCRlIBAmfB1oOAtpOA$qOAgtDCgtxDgtgEws$ELrpFqqPF4pPFvn^wJvnwJ4qFI4sOH3uaG9vyEfwjCfwXzfwwyPu5xnt5x_q5xooZxmmRykkuAdj7C5ilE5iJG5i6IxjwJZkwJvn" /><g i="8" c="392" p="#^gG5i_G5irHdi%EGMl5GzlqFzl$DzlWCHmSBOnpBUp%7A$v%rw$v%lzmi%8Cmi%UBTk%ZBTkLD5igG5i" /><g i="9" c="393" p="#^iG5iZI5ivJTk%zJTkoKxjwLPiFM5iXN5iBP5itQ7jlR9klR0mlRXm3Rdo%rP$v%ML$v%sN1oENbnENAmEN4lsM4lkL4lpKrmvJOnZIjq%OH$v%7E$v%OF1o_Fbn_FAm_F4lOE4lGD4lLCtmRBSnjBlq%7A$v%rw$v%lzmi%8Cmi%UBTk%ZBTkLD5iiG5i" /><g i="10" c="394" p="#^uELkqDLktCKlwBImdB6o%MB6oFD6oIEwnMFWmMFVlMFLkuELk^uCfwWzfwvyTu5xut5xZq5xro5ymm6zgkQAbjyC5iJE5iTG5i4I5jiJ4kiJPliJ6ofHmpdFBqrBBq%PABq%OARq%OA5rOAcspBRs1CutdDuthEut8Fft0G0tfHqs%fHbv8FfwuCfw" /></glyphs></font></bwFonts>